subTopicID,eaBC,eaCA,eaCPW,eaCS,eaFFM,eaNHM,eaRCA,tags,eaCL
1,1,,1,,1,1,1,"water, land cover, soil, habitat, carbon, carbon cycle, warming, geology, ice, surface, subsurface, climate, sink, frozen, freeze, thaw, erosion, AI, machine learning, permitting, emergency",1
2,1,1,1,1,1,1,1,"water supply, rain, snow, resources, weather, climate, rainfall, snowfall, water cycle, hydrologic cycle, heat, health, risk, safety, fahrenheit, heat wave, extreme, weather, air conditioning, climate, MAHA, permitting, emergency, ROE, Report on the Environment",1
3,1,1,1,1,1,1,1,"water supply, rain, snow, resources, weather, climate, rainfall, snowfall, water cycle, hydrologic cycle, heat, health, risk, safety, fahrenheit, heat wave, extreme, weather, air conditioning, climate, MAHA, permitting, emergency, ROE, Report on the Environment",1
4,1,1,1,1,1,1,1,"water supply, rain, snow, resources, weather, climate, rainfall, snowfall, water cycle, hydrologic cycle, heat, health, risk, safety, fahrenheit, heat wave, extreme, weather, air conditioning, climate, MAHA, permitting, emergency, ROE, Report on the Environment",1
5,1,1,1,1,1,1,1,"water supply, rain, snow, resources, weather, climate, rainfall, snowfall, water cycle, hydrologic cycle, heat, health, risk, safety, fahrenheit, heat wave, extreme, weather, air conditioning, climate, MAHA, permitting, emergency, ROE, Report on the Environment",1
6,1,1,1,1,1,1,1,"water supply, rain, snow, resources, weather, climate, rainfall, snowfall, water cycle, hydrologic cycle, heat, health, risk, safety, fahrenheit, heat wave, extreme, weather, air conditioning, climate, MAHA, permitting, emergency, ROE, Report on the Environment",1
7,1,1,1,1,1,1,1,"people, human, population distribution, demographics, density, high density, society, neighborhoods, housing, liveability, MAHA, permitting, emergency, ROE, Report on the Environment",1
8,,,,,,1,,"ROE, Report on the Environment",1
9,1,,1,,1,1,1,"well-being, safety, risk, health, flooding, wetlands,lowlands,flooding,floods,stormwater,runoff,inundation,sea level rise,extreme weather,rainfall,precipitation,water,rivers,streams,estuaries,lakes, ponds, creeks, deltas, risks, EPA, FEMA",1
10,,,,,,1,,,1
11,1,,,,,,1,"human, well-being, nature, recreation, transportation, nature, health, access, engagement, outdoors, active living, play, children, kids, exercise, trails, playgrounds, activity, mental health, stress, walkability, sports",
12,1,,,,,,1,"Gap Analysis Program,land use,protected lands,protections,preservation,preserves,conservation,reserves,national,parks,mixed-use,multi-use,multiple-use,resources,habitats,management,species,populations,decline,breeding,research,natural,nature,endangered,threatened,vulnerable,rare,recovery,use,economic,sustainable,seascapes,landscapes,strict,intact,undisturbed,no-use,reserves,wild,wildlands,wilderness,pure,natives,uninhabited,refuge,refugia",1
13,,,,1,1,1,,"erosion, RUSLE",1
14,1,,1,,,1,1,"erosion, silt, turbidity, RUSLE",1
15,1,,1,,,1,1,"erosion, silt, turbidity, RUSLE",1
16,1,1,1,1,1,1,1,"NRCS,wetlands,Clean and Plentiful Water,Climate Stabilization,water supply,runoff,flow,hydric,histosols,stormwater,flooding,flash floods,percolation",1
17,1,,1,,,,,"rivers,surface water, ROE, Report on the Environment",
18,1,1,1,1,1,1,1,"habitat,water quality,flood mitigation,groundwater recharge,filter,habitat,lowlands,flooding,floods,stopover,habitats,stormwater,flash flooding,runoff,buffer,marshes,swamps,bogs,fens,restore,eutrophication,manure,fertilizers,pollution,pollutants,reduction,removal,protections,riparian,estuarine,estuaries,lacustrine,histic,histosols,permafrost,USFWS,land,cover, ROE, Report on the Environment",1
19,1,1,1,,,1,1,"land cover, water quality, flood mitigation, groundwater recharge, habitat, filter, habitat, lowlands, flooding, floods, stopover, habitats, stormwater, flash flooding, runoff, buffer, marshes, swamps, bogs, fens, restore, eutrophication, manure, fertilizers, pollution, pollutants, reduction, removal, protections, CRP, easements, riparian, estuarine, estuaries, lacustrine, histic, histosols, permafrost, NLCD, land, cover",1
20,1,1,1,1,1,1,1,"land use, water quality, flood mitigation, groundwater recharge, habitat, filter, habitat, lowlands, flooding, floods, stopover, habitats, stormwater, flash flooding, runoff, buffer, marshes, swamps, bogs, fens, restore, eutrophication, manure, fertilizers, pollution, pollutants, reduction, removal, protections, CRP, easements, riparian, estuarine, estuaries, lacustrine, histic, histosols, permafrost",1
21,1,,1,,,,1,"Brownfields,Superfund,Hazardous Waste,NPDES,Water Dischargers,Point Sources,TRI,Air Pollution,Regulated,Facilities,EPA,Environmental Protection Agency,Pollution,Pollutants,Air Quality,Water Quality,health,safety,contaminated,contaminants,emergencies,emergency,hazardous waste,hazard,waste,cleanups,remediation",1
22,,1,,,,,,"Brownfields,Superfund,Hazardous Waste,NPDES,Water Dischargers,Point Sources,TRI,Air Pollution,Regulated,Facilities,EPA,Environmental Protection Agency,Pollution,Pollutants,Air Quality,Water Quality,health,safety,contaminated,contaminants,emergencies,emergency,hazardous waste,hazard,waste,cleanups,remediation",
23,,1,,,,,,"Brownfields,Superfund,Hazardous Waste,NPDES,Water Dischargers,Point Sources,TRI,Air Pollution,Regulated,Facilities,EPA,Environmental Protection Agency,Pollution,Pollutants,Air Quality,Water Quality,health,safety,contaminated,contaminants,emergencies,emergency,hazardous waste,hazard,waste,cleanups,remediation",
24,,1,,,,,,"Brownfields,Superfund,Hazardous Waste,NPDES,Water Dischargers,Point Sources,TRI,Air Pollution,Regulated,Facilities,EPA,Environmental Protection Agency,Pollution,Pollutants,Air Quality,Water Quality,health,safety,contaminated,contaminants,emergencies,emergency,hazardous waste,hazard,waste,cleanups,remediation",
25,,,1,,,,,"Brownfields,Superfund,Hazardous Waste,NPDES,Water Dischargers,Point Sources,TRI,Air Pollution,Regulated,Facilities,EPA,Environmental Protection Agency,Pollution,Pollutants,Air Quality,Water Quality,health,safety,contaminated,contaminants,emergencies,emergency,hazardous waste,hazard,waste,cleanups,remediation",
26,,,1,,,,,"Brownfields,Superfund,Hazardous Waste,NPDES,Water Dischargers,Point Sources,TRI,Air Pollution,Regulated,Facilities,EPA,Environmental Protection Agency,Pollution,Pollutants,Air Quality,Water Quality,health,safety,contaminated,contaminants,emergencies,emergency,hazardous waste,hazard,waste,cleanups,remediation",
27,1,,1,,,,1,"Brownfields,Superfund,Hazardous Waste,NPDES,Water Dischargers,Point Sources,TRI,Air Pollution,Regulated,Facilities,EPA,Environmental Protection Agency,Pollution,Pollutants,Air Quality,Water Quality,health,safety,contaminated,contaminants,emergencies,emergency,hazardous waste,hazard,waste,cleanups,remediation",1
28,1,,1,,,,1,"Brownfields,Superfund,Hazardous Waste,NPDES,Water Dischargers,Point Sources,TRI,Air Pollution,Regulated,Facilities,EPA,Environmental Protection Agency,Pollution,Pollutants,Air Quality,Water Quality,health,safety,contaminated,contaminants,emergencies,emergency,hazardous waste,hazard,waste,cleanups,remediation",1
29,1,,1,,,,1,"Brownfields,Superfund,Hazardous Waste,NPDES,Water Dischargers,Point Sources,TRI,Air Pollution,Regulated,Facilities,EPA,Environmental Protection Agency,Pollution,Pollutants,Air Quality,Water Quality,health,safety,contaminated,contaminants,emergencies,emergency,hazardous waste,hazard,waste,cleanups,remediation",1
30,1,,1,,,,1,"Brownfields,Superfund,Hazardous Waste,NPDES,Water Dischargers,Point Sources,TRI,Air Pollution,Regulated,Facilities,EPA,Environmental Protection Agency,Pollution,Pollutants,Air Quality,Water Quality,health,safety,contaminated,contaminants,emergencies,emergency,hazardous waste,hazard,waste,cleanups,remediation",1
31,1,,1,,,,1,"Brownfields,Superfund,Hazardous Waste,NPDES,Water Dischargers,Point Sources,TRI,Air Pollution,Regulated,Facilities,EPA,Environmental Protection Agency,Pollution,Pollutants,Air Quality,Water Quality,health,safety,contaminated,contaminants,emergencies,emergency,hazardous waste,hazard,waste,cleanups,remediation",1
32,1,,1,,,,1,"Brownfields,Superfund,Hazardous Waste,NPDES,Water Dischargers,Point Sources,TRI,Air Pollution,Regulated,Facilities,EPA,Environmental Protection Agency,Pollution,Pollutants,Air Quality,Water Quality,health,safety,contaminated,contaminants,emergencies,emergency,hazardous waste,hazard,waste,cleanups,remediation",1
33,1,,1,,,,1,"Brownfields,Superfund,Hazardous Waste,NPDES,Water Dischargers,Point Sources,TRI,Air Pollution,Regulated,Facilities,EPA,Environmental Protection Agency,Pollution,Pollutants,Air Quality,Water Quality,health,safety,contaminated,contaminants,emergencies,emergency,hazardous waste,hazard,waste,cleanups,remediation, ROE, Report on the Environment",1
34,1,,1,,,,1,"Brownfields,Superfund,Hazardous Waste,NPDES,Water Dischargers,Point Sources,TRI,Air Pollution,Regulated,Facilities,EPA,Environmental Protection Agency,Pollution,Pollutants,Air Quality,Water Quality,health,safety,contaminated,contaminants,emergencies,emergency,hazardous waste,hazard,waste,cleanups,remediation, ROE, Report on the Environment",1
35,1,1,1,,,,1,"Brownfields,Superfund,Hazardous Waste,NPDES,Water Dischargers,Point Sources,TRI,Air Pollution,Regulated,Facilities,EPA,Environmental Protection Agency,Pollution,Pollutants,Air Quality,Water Quality,health,safety,contaminated,contaminants,emergencies,emergency,hazardous waste,hazard,waste,cleanups,remediation",1
36,,,,,,,,"people,human,government,boundary,boundaries,political,cities,municipalities,towns,neighborhoods,local,regional",
37,,,,,,,,"people,human,government,economy,boundary,boundaries,political,regional",
38,,,,,,,,"people,human,government,economy,boundary,boundaries,political,cities,municipalities,towns,voting,vote,civic",
40,1,,,,,,1,"habitat,wildlife,plants,animals,soil,land cover,geology,trees,forest,wetlands,water,rivers,streams,lakes,ecology,boundary,boundaries,ecological,ecosystems,biomes,biogeography,climate,weather,geography,biology,desert,prairie,temperate,forest,rainforest,scrub,steppe,grasslands,mediterranean,taiga,boreal,deciduous,evergreen,coniferous,montane,mountains,alpine,lowlands,uplands,plains,marshes,arid,piedmont,coastal,floodplains,peatlands,swamps,sagebrush,acadian,atlantic,mesic,oak,spruce,fir,pine,aspen,birch,hardwoods,savanna,chaparral,pinyon",
41,,,,,,,1,"people,human,government,boundary,boundaries,political,Tribal Boundaries,Alaska Native Villages,Alaska Reservations,Alaska native Allotments,Tribal Areas",
42,,,,,,,1,"people,human,government,boundary,boundaries,political,Opportunity Zones,OCR,CFDI",
43,,,,,,,1,"people,human,government,boundary,boundaries,political,Tribal Boundaries,Alaska Native Villages,Alaska Reservations,Alaska native Allotments,Tribal Areas",
44,,,,,,,1,"people,human,government,boundary,boundaries,political,Tribal Boundaries,Alaska Native Villages,Alaska Reservations,Alaska native Allotments,Tribal Areas",
45,,,,,,,1,"people,human,government,boundary,boundaries,political,Tribal Boundaries,Alaska Native Villages,Alaska Reservations,Alaska native Allotments,Tribal Areas",
46,,,,,,,1,"people,human,government,boundary,boundaries,political,Tribal Boundaries,Alaska Native Villages,Alaska Reservations,Alaska native Allotments,Tribal Areas",
47,,,,,,,1,"people,human,government,boundary,boundaries,political,Tribal Boundaries,Alaska Native Villages,Alaska Reservations,Alaska native Allotments,Tribal Areas",
48,1,1,1,1,1,1,1,,1
49,1,,,,,,1,,
50,1,,,,,,1,,
51,1,,,,,,1,,
52,1,,,,,,1,,
53,1,,,,,,1,,
54,1,,,,,,1,,
55,1,,,,,,1,,
