tableServiceName,metadataID,allCommunity,atx,birAl,bmd,btx,cil,cleOh,dmia,dnc,fca,gbwi,laca,mspmn,mtn,mwi,nbma,nhct,nyny,paz,phiPa,pitPa,pme,pnj,por,sdca,slmo,slcut,sonCa,tacWa,tfl,vbwva,wdc,wia
BenMAP,C001,https://edg.epa.gov/metadata/rest/find/document?f=searchpage&searchText='BenMap Results by Block Group',F535B25C-3765-487C-B94D-38CCC03925FB,efa6b43f-89aa-4079-ae2a-1cc2dfed38be,32d0bcdf-72a0-49e8-95c4-18275b0805ae,7a6ad987-9cef-4700-920c-943f92c759b3,8ce81610-f800-4280-aec7-84a6acc7d750,0590bdef-f585-44c5-8c59-c205dd0648dd,4588ED3B-F6AF-4D31-9103-53C80F7ED121,8674FC78-EF42-49BC-8704-BDE65721D8D9,736EE126-C066-482D-9CE8-A412693A70E9,49310074-5E28-4378-9549-45E32F40F1E4,b4be6186-bd98-4182-882d-e590e2633609,4089d659-8cc2-4271-8bbd-8c340c850e7c,6A87D03C-3810-49C1-AC70-57B22625C328,57730CE3-F739-41E7-BF53-F98834151778,6FD091EA-47E1-4D4F-AE1F-F3335F200E50,079168e9-beb6-4017-b783-5e833c5c8025,179EADB0-3D2F-4EE2-9781-1D4E46868B9E,AB868E6F-1D81-4FEA-AE8E-32FB7C2C18E3,63082fc2-f386-41c4-b431-1c629b08b868,5596A087-44F0-428F-8ECD-4B64A04A08F4,414CC99E-E301-404B-A693-19ABF424D135,5AB11AAA-5003-435D-821A-1DE97E7098A3,7BBA90FB-2E89-4F6B-B64D-8EAB861F274E,f485948b-7114-476e-ae44-22247162fc65,bff1dd5f-f96d-4da9-b840-8195de525285,705b6e98-48a3-4689-9cc9-e69b5dc8693e,40672a47-d07a-498f-a6be-31f4f1cfd8b0,6f1faef8-0469-4323-9734-4d584944e824,75E1F73B-B20C-4F21-8DB6-BB5A6FCD7757,4743fe7e-942e-4bb5-b161-c98395b217ac,3f40987c-0c1c-44e7-8c9b-56495149249f,B80563B5-28CD-49F8-A3A5-1F99FC6CC5D1
BG,C002,https://edg.epa.gov/metadata/rest/find/document?f=searchpage&searchText='The block groups are from the US Census Bureau',801C059A-FD0C-4A4A-B7BA-0FE3F7054B3E,474fffbf-b986-4274-b789-effef77d98ef,7d267e1a-e376-43d2-9782-ef8b80d00a86,a317a16a-bc78-4417-820a-c48c3bcb39fe,0afd4cd7-9e18-48c7-b62f-10a648c90666,b93ec83a-73bd-4447-b255-352bf2d92707,8BB863D6-C1DC-450A-907E-00DF4FFD82BD,FFCADD2D-FF08-4045-A2CB-30DB6762D51A,46061103-98CF-49DB-87F6-9F05D9DE2762,0E92B56C-F58E-4FAC-8B75-BE483AFF22D7,342f9a6f-b12d-4602-9d25-373efe7684b4,51d5fa04-aff5-4a79-bfc5-f77522d16eb5,7C471986-A8AD-4299-AB8E-16B98B6BDC3E,BA0816D2-0CE1-4B05-A89F-C4041D24DD48,476514A6-7569-463B-B06C-15B41C485E29,d12736b2-4c54-4744-92ad-75c7c851038a,942A7ADA-A95E-415D-A4F7-D3C9AA7C2413,C1E5F645-BE7B-4703-9404-2EED95E999D0,a3f58942-f73e-4854-86be-7c5b75da34d1,9159FFCB-F1DC-43F2-A50E-DF350DE165F5,48DC351F-CBBC-4E7A-9B1F-F68047007A81,42F2CC6F-4CB3-48F6-A2DB-BC711363AF5C,472575BB-48E0-43A0-AD65-50C8C8705AB9,0da90092-dad2-421c-8028-066dcbffd9c4,c9b5e4bc-c0fd-4008-ba49-71300f76c19c,2ae94de8-a1f4-47ae-8187-21abf600b16e,367ff46b-ecce-444f-be3e-1d91c53815f1,964a2872-70b1-4d65-8236-b2e15567527a,A03EEABD-D4E1-4C79-A2A6-68F7B3437B51,bb9325b7-c94b-4db5-a4ae-4f0e200f6168,75914521-e2ec-4d7b-959b-ee895f3b577c,B77B0C12-7ED7-42E5-8242-80BE0118D556
BG_Pop,C003,https://edg.epa.gov/metadata/rest/find/document?f=searchpage&searchText='Demographics by Block Group',BE7FB3E9-FC55-4752-B5E8-D49C0031433C,76afedc8-743c-4ddb-ac7f-ec0dca838778,cf8bc201-7637-4c6f-8240-83a63eb9a5e6,d3029ba5-cc07-444b-93e1-560666426d75,c92c703b-8ef2-4691-9b4c-9993e9595162,75dfcc07-163f-4fef-9e66-ad8b20cc5255,8BEA9221-1F5A-4811-8F61-CDADCE21838B,B53F3963-9997-48AF-BDC5-0E769B0113CF,958E8716-A21E-4700-A559-6F1120392869,15E44C6E-3B16-414B-AFB5-5AAD66D7F4AB,fb5fbcb1-234b-46ae-b40f-83bc3a1a0580,765ebdd9-3713-4974-a82a-e0af4c68626a,FA170F4C-1230-488F-8B5C-B04583D69259,A780D52C-AB37-4DF2-A141-94D3DB292249,E4EFA84E-DBE2-4957-982E-F925B9FFEDCF,b056ed6c-ae88-476c-9d8d-75ed1d7d6f7a,8BCC6170-4A08-406C-8D48-CA3590799D95,AA13D671-AEEE-4B01-BBC5-5A7B6D64B1A9,cfbbd51b-0de3-42a4-8e89-234aee549d29,9FF2E3B6-949C-4B1A-86C8-466A17A6CA7B,30D95C69-8473-4374-85A5-AD4292B7F011,2EC6E503-FF89-4EEE-9F5A-A90F3A532908,24158D84-8EE2-4887-B5E6-F3CAFFD76AAA,582ece99-de44-44d7-9189-c8b3e98758bb,e32626ed-0b73-4808-aa96-f1265a2ae288,23fbb4a3-e75d-4788-804b-fa9ceec7e555,6a84a73e-cbf2-4f52-80b7-3fd84e03c942,7080b12f-43fd-405a-9c8c-65c17f54f668,4417BC7A-793E-4C2C-8E4C-B27CF190E271,0c2e9d5f-337f-4289-92ec-92ac2631cfff,ff153f71-b471-4fb8-b3ff-250b279d4a17,3F96AA99-82AA-4009-AE9B-E9C3D8848FC8
Bnd,C004,https://edg.epa.gov/metadata/rest/find/document?f=searchpage&searchText='outside edge of all the block groups ',B5EC1A6D-9EB5-49AB-86F1-C4DED5624A33,8c47c831-4e10-4516-9d9e-e0b2cdd06bd7,9abbd10d-510d-46c2-8106-52c4296be4ae,dd079c1d-a135-4b47-813d-cc7a7bc68524,4436a8f9-1a31-4f39-b038-a88ed539899b,ddc6c996-2b08-41e1-9f9a-b2d144462397,7B6D5C1C-FDAC-4D0E-805C-67DD0ADF518D,777F7F2D-032E-4D90-93CD-0A598E7A5170,6185ECB8-CC77-4860-8A76-1B23A5AAF48D,592586B0-4078-4CF7-B610-29C9DDE1D9F5,91455ba0-43c0-47e5-a6b2-8eca6076fbb9,32f4aeed-fb97-4601-bd05-0bcadf475857,CE000148-3663-4A52-B98C-4069BB693CFF,34B78FAB-9584-4B84-ADA8-116628366799,CF310BFF-73E9-4084-AEA8-04E6A444DB09,799c19d2-9268-48c3-82e2-3d515ca97fea,6511C082-5F8D-4210-B5DE-FDF45C0A09EC,FBCC48BF-FB8E-4664-988A-6A0AD57F218D,43908204-43e6-46c9-b606-d0ff0733e91a,B1ED3C51-B121-4638-B879-F3447A8345AD,3F07E5C3-EBC4-44C9-A672-B6A3F886BDF1,68A74B58-E777-4329-87DB-F6C0F2DE228A,C4AB5A23-A37D-457A-98C6-ADFFBD2C96CC,2e9b1a6b-1797-4f49-bf1d-062e2c609366,059c3f34-ac51-40cb-939e-767db331be8e,7c73413b-1f83-43fc-8ec5-402ae96416cc,a3ec8c72-cda4-4dce-8aa1-eb8e5dfd8d0e,817131b6-17b8-40d7-a6a6-5fd71a2fd94f,655B9FA6-40CE-40BF-A21F-EA2C94F5C6BC,714edeba-8202-40e6-b738-72fd64ccd8e6,31488da1-c938-43e0-ba8a-628c01c40e72,0F97C852-2BD1-4BC7-8B8F-24F2E550142E
Conn,C005,https://edg.epa.gov/metadata/rest/find/document?f=searchpage&searchText='Tree Cover Configuration and Connectivity',29D2B039-905C-4825-B0B4-9315122D6A9F,c1b9998a-d2b4-4036-8a93-8e747edabafb,,,,03cd54e1-4328-402e-ba75-e198ea9fbdc7,350A83E6-10A2-4D5D-97E6-F7F368D268BB,C337BA5F-8275-4BA8-9647-F63C443F317D,84B98749-9C1C-4679-AE24-9B9C0998EBA5,69E48A44-3D30-4E84-A764-38FBDCCAC3D0,,d318bfd0-f319-4c96-a71a-ebd5b4cdc679,B7313ADA-04F7-4D80-ABBA-77E753AAD002,743BCDE5-141B-414F-B85B-1E9C16B08EA5,7230F45E-5C9A-4A81-A4CC-A554F820A5E6,c67a0a5e-8f67-4685-b6c7-851bf21d90f1,B893D495-6F44-4712-9189-EF3A05E77AE9,CAD428A6-C9B6-4C86-AAF4-95A79B1FF3F9,,5596A087-44F0-428F-8ECD-4B64A04A08F4,8FF72C94-A9F3-4DD5-AE38-47DD43B085FF,5D33A6D9-7B3F-41E9-9A3A-CA7A2A9C49B8,1A8D398F-7E21-4717-BCAC-CC232F3CED33,,,,,,864118E7-7E57-4F1D-810D-A71D37C82DB2,,,5F3D2255-6EC8-437A-9DA5-82025680ED34
DWDemand,C006,https://edg.epa.gov/metadata/rest/find/document?f=searchpage&searchText='Domestic Water Use per Day by U.S. Census Block Group',007324F1-4696-4A1F-B0B9-CA44CAB4CE95,5c30643f-c915-4a32-a260-250749b1cca8,86da0478-12a0-45c0-9773-0bc8c56b2a41,51c32bba-fccb-46b6-8383-9af40841eda5,c2ef1203-6d81-43ff-8ad6-752bfab06daf,6fd9f2d3-536f-40b1-b96c-412185ba665b,76CABDD3-FB69-4476-8B59-47217C63995E,9F3F4B02-1836-4472-913B-4357D3FA3535,6B64B355-3589-48AC-AF12-20F38D747D5B,EE1BCD10-006A-46A4-BA65-E354ABDBE1EF,e0001426-94db-4e3c-892d-a21962caa793,6c29143a-e955-4afe-8401-faac49609d73,009DC293-238A-45BD-8404-3FD20B9126CC,12033935-1ABA-4D77-89B0-914E40EE5A83,300C9AEE-CE7E-4BA4-858F-62E5DDB4EC8B,5f9ef1bf-0ee6-458c-83a1-6f6ad92f969d,FE581208-427C-4B6C-A6CD-60AD8BCEF62F,822B887E-004D-4E45-9085-C437D79E2B4F,f5720842-4fe0-41ba-b355-880586a2ccf3,9FB6737D-A5BA-43D5-84A9-EB2B9E766974,B57C01B0-F9E5-4607-BAFC-C5140920951F,367BA33B-E578-46CC-A80A-DA15CD5D9512,93639EAF-1F54-4987-9A80-B8210B2775B3,3e3f9c2a-fd3a-484c-9de6-1f9f8549aea1,18650143-5a5a-4163-962e-25d93d3c2548,67521783-2f51-42d7-9c78-cfa2d972025b,61b300b9-6fa1-4929-b512-732435a53d1c,235e7026-c86e-44fb-8f87-eb74f0511564,AF009233-761D-4CFE-B22A-F94BCA66182B,3890bacf-de41-47fc-8e33-9bea128d5332,f8e97775-55bd-4817-904e-ed2c5353c009,71AC4E10-EF6E-4361-A639-457F935A7B86
EduLowGS,C007,https://edg.epa.gov/metadata/rest/find/document?f=searchpage&searchText='Greenspace Around Schools by Block Group',29D77C83-0C2B-4510-BCB1-CB8C6DEE78C8,63be9dda-a860-4b65-b8e6-aefc85a57970,2bd18e41-b25b-4278-841d-b60dc919bc45,f8f1dd79-78be-474d-a4e8-763621823946,e71f9827-4030-48a7-b40a-7b9a8e8b2c4e,a6b330ad-f2e0-493f-945b-79c0555685ca,E722936E-0AED-441B-8190-C1D59CE49DBD,1B934FE7-DA12-4DBE-943E-A5448DF2836B,4A1239EC-FA85-41FF-94B3-12DD5F7D6CE6,7F21696D-7159-44A3-AB1E-67EE0B722AB4,dde72f05-11da-4b0a-b064-9c1631bf04f4,be696d31-3343-41b2-9a19-6b143be1e914,C6586DCF-066A-4F59-9088-1F37742B518C,1D52E6B0-9540-4CCA-8234-F8742790648E,3F227FB6-AA78-4025-AB29-FDF90E146983,c270de37-4f87-4c36-90db-29eab8e7daf4,4DF48560-B867-4430-99B4-D6075C553248,38BD796B-A478-4622-9CE1-E7B54A8B710F,2bd2b55a-b357-44b3-9c5f-a28157744d88,EBBF64AC-E34B-4F2F-9A1F-C10609ECF4C1,977E8DF8-A8F1-4EF2-BEA1-963A0078DB27,83879E9F-EED6-4850-98C2-C6E9A921DAF7,54D109DA-A773-45F2-8FF9-B56C7621CFC2,578be9f9-129e-4485-95cf-e9e9fdc23c93,e78c6e89-9368-449b-8c45-21fd54ad7ac6,bd6caea4-afe9-49c0-a7c7-06d459776c7e,f23e11e5-03a2-4502-aae7-bd5da1b5bf80,0bcd404d-0a0f-4b61-930f-7c893c8c8d72,F1E335DA-3895-4B33-A882-BEADF85CE918,1719e72a-0067-4d87-9a8c-078255193831,e2ce71eb-597f-4ce5-ad27-623e45056f83,309723EA-AE33-4E78-A9E5-E7BE548DB8B8
GreenProx,C008,https://edg.epa.gov/metadata/rest/find/document?f=searchpage&searchText='density of greenspace',A02FC4C1-22D7-4F6E-AE58-EEA8A3CD13D7,1aef67b8-2c28-489a-825e-e0879ead64f4,3b9c8115-1248-48c7-b2ca-9c0800b25cd6,0cd9a177-a051-40df-9996-bfcf7498f8c6,e27c1f01-553a-4a6e-aee3-d106e232f6fa,15513a99-834f-4983-8a65-d55696c70a09,0827780C-E353-4566-AEF3-54A9F971B4B2,D3F797DB-7865-4E2C-A409-50F168EF355D,D85DE191-9A4E-4559-9542-EBFAC5F9B191,8E481B1F-B729-4C8C-BFFD-7E17B6E4EF18,234c3216-619d-4361-8767-a8727d8762e0,55c524a1-74e6-4c01-877a-19fcf1e2da60,754C27D5-C0EA-41B1-9B45-6E00EAEFC526,9AEF0BAA-8C8D-49BD-A6FD-0CA4FCBC159B,61266EC3-8065-4FA6-BA62-7AAAE2CE7FA3,4b724510-6500-403d-bb6e-82f7855550ed,E1342BE9-4994-4898-9B88-0E6838D3F20E,FE7A4116-FE4B-4912-BE50-39D2F47C3FD4,096a8b50-07be-4765-92f2-d3da4a9e2040,FF438EA9-EA03-4A2A-B6DA-6365D4F829E5,4C8E0B20-D07D-4FFA-A832-0E27A84AD24A,D3D3A390-9BCE-41F2-B69A-D24ECB969C0F,7083C819-F149-4161-A287-BAD9445B3221,6013239e-bf65-414b-a81c-25df9c22989b,e0a0172f-23f4-457d-b4d2-fd1a96f0fb59,a078c614-8e66-4822-a0b1-def9997ad0dd,2eca67fd-55bf-41f8-bece-2cedbb541748,408f3030-63b6-4682-857d-58f7bfc7befc,89AEB768-0338-4CF5-A46B-EC1B7A5B3924,4b7c2ba4-4c40-4766-a84f-c5486c6204f3,1beee8c1-61bb-471b-90aa-015bfd45cc88,49097AF8-2E87-4A0A-BA54-BEC1D8CB7AD1
historical_places,C009,https://edg.epa.gov/metadata/rest/find/document?f=searchpage&searchText='Historic Places by Census Block',2145A73F-0784-46CE-AE51-E3558479782E,0d4ca174-a35a-4f71-beaa-7a2fa20f83a7,0c856329-e342-4967-b9cb-5d401b3cee54,05172a6d-fb7d-40b7-9cfc-c79abdaedf9e,583fb0cd-adf1-4929-9ae7-9f85e84a4153,5a9d9fe8-b51d-48e5-8902-d2eab40841a3,E35E5DC9-BD69-45AD-81A6-EF5346743DBA,AA7BE287-4207-443C-889A-5B39B028D44C,57C0EA7C-52A2-4F5D-A638-C0E36990BA98,0E4377FF-C5EE-43B2-BD6A-1BA38713E994,acf6d295-dc09-4ffc-8ced-bfd7a1d35666,7d1bd4ce-8f34-4979-bbb8-9f86788092f7,EB00218A-48CD-4215-910D-0E9134027520,3F8A9526-1D4D-4321-B122-06F2202EB7FD,271EEB8C-EBB8-4513-835B-E86D3CE47D56,2c779097-7265-4dc4-b126-b516cbc6113d,12980773-8872-4FF8-85BF-68983EC915AF,4DCE07DB-79C0-4307-A92D-86E86701DBF2,46076b5a-da12-4522-ad5b-2347714779f6,23727E56-F4FD-4D81-BA01-68E61264B049,7380812D-6E33-4022-A3B8-6E2585339703,0B720B2E-435C-4BFD-B573-494CB625D54C,943B725E-7F22-48E3-81E7-4282842F23F7,e0f6825e-2515-4dce-bead-6a77a7928456,e8be9461-2c50-4a02-a943-5414f839deab,0ac6133d-32cf-4331-9e3e-f2ae404f07ec,d27ce7c6-2ed2-45cd-89f2-4ab7cf73503c,955f42bb-f540-43c1-bf7f-919af9ee213e,E8A7E200-C10B-485D-AB2A-CC25CB5DB4FC,7da9c116-87db-458a-95e3-fb9c6c763833,cc9a9d4f-2c86-4909-8753-ec975f793c39,F691D4AD-6BDA-496A-9D6F-87DCBA6242B1
ImpProx,C010,https://edg.epa.gov/metadata/rest/find/document?f=searchpage&searchText='Impervious Proximity Gradient',843BE2BC-545A-4A79-A4D3-B72D738F41FA,afe7fa74-279c-4fd7-8230-79d4673248f7,0c478e56-d495-40c6-8639-2018a88642a3,2cfd247c-d9c3-4eac-a327-0a876ee382f7,cb3310b0-b525-4772-bc46-9788e51883f6,1a20f5e8-b636-4dc1-bee3-c70999ff2839,4B2537E4-942C-4F94-B024-CC83CBE24F14,315039B8-7682-40BB-9A71-BB04B75214A2,8864D0B8-A3FB-45C4-AAD9-C7359D3BB578,2114EC25-BC5A-481A-9F51-12116CD8993A,993db311-6882-4096-8cb0-9bec80a71280,51dbd196-bd1b-4343-baed-7be94cf72e6d,8D2851A7-E783-49F8-A0C6-9B1AD784411B,9E570625-171E-4C99-805A-CB693059A067,D7C6E530-7E8A-4CC4-A206-0FB27D793695,da56ba2a-5ed0-4c61-a30b-03c052efc57e,398782A7-F722-4B5F-AE06-D2C413562B10,85A299D5-4D55-495E-9DEB-2D3793DC584E,8fcc1784-a564-46df-8adb-4c2a9fc83d43,9FB6737D-A5BA-43D5-84A9-EB2B9E766974,314C6AC1-B543-46AC-8B32-4F81398EE2D7,1EAA789B-1D37-48E5-944E-E07F6F360FDB,E9394472-3738-41B1-BCA9-E7A26030D4D4,84832df7-15fb-4587-bb16-0f925934d940,5f89063b-986b-4d2b-96bb-5e16da9e67e0,269963fa-74d8-4abc-a5e4-1152b9a3ce48,66429674-bbfd-4fcd-a33f-7ad0e8638279,6b944886-37da-401f-bd91-a6677dcf64c1,82565C20-0896-419B-A2E9-43421E19976C,5f1f469a-0e2e-44a9-bd84-e0208fab84d5,19cd5649-c9c8-4f3f-aa47-0590fcda3f08,33B9ED81-B266-4278-A608-33557AEA8A23
IntDen,C011,https://edg.epa.gov/metadata/rest/find/document?f=searchpage&searchText='Estimated Intersection Density of Walkable Roads',72177756-4DD2-4133-8E85-C4C46BFAEEE2,c892e710-81cf-4ba3-a551-8024ffa7049f,a950ce43-bbe0-44ba-805a-b413147e0092,990c2af4-2ac6-40f8-a7dc-cfea1479616b,b521f10b-4505-4867-ba2d-70719f667bbb,eb14c0ca-f26c-47eb-8198-02fba73784d6,A5C3A6F2-CA61-4E78-B57D-289E45B34EF5,AF794837-71B0-4B3F-AA95-996A9C19D8A6,0D3E33D1-81C5-456E-A581-58049701ACED,FF478160-DCFF-453D-A7B7-F2C03DF1BC85,736e9bb1-d953-4d2e-9cca-de63b0d33f18,ea532fdb-df76-4c5b-afcf-2af27d5b5e10,9C5E1317-F07D-4CEF-935A-A494E0BE7A7F,991BCB95-1624-4102-95D5-6B1E382F5C12,89E0CE0B-DAEE-430E-A8E4-C486B3FD803F,f39d7d21-064d-4498-9926-743d543bc8f0,D70DE411-6B72-4806-9B40-04921B3EA230,AFC1F0E1-EC52-41E4-8682-8885BED5A9B7,ab73b737-0251-4f7c-b936-6bad0cda0109,EBBF64AC-E34B-4F2F-9A1F-C10609ECF4C1,1CAE7A89-3562-4706-AA12-1E6220006179,E1E6BB36-9E9E-41B8-BF44-33D56CCAE145,17F6E916-7805-40AD-85E1-61B63BBDE193,,dd227381-8941-4073-8381-c8975b3141de,dbab21bf-487d-4116-bbfc-8a26109daf27,cb1d04bd-b992-44f2-ae27-655e9819bff9,,356EC846-7733-4AA3-8E0D-83DFA5AA2C52,3ff033c2-1d11-4dbf-aea7-f8bb8244bcc3,05b8fc4d-1112-4002-a4ab-17c3350161a0,4E7173AD-5D8E-426A-9431-67FE34833523
iTree,C012,https://edg.epa.gov/metadata/rest/find/document?f=searchpage&searchText='Ecosystem Services by Block Group',DA8C85C8-1508-405C-AC06-3A7B6CC183A8,fdcb57f7-315c-4efc-b768-13e44ec0dc8c,a97c9c19-afc4-4ad9-b6c8-189798795bd3,1acb757c-74ba-4681-920d-cfc70c6c0a1d,bf4fcd23-f25d-4eaf-8c4e-a93b7e913a12,8d7f7fae-4e14-4da8-a903-73ebbfef83e5,B834A03C-90AF-4333-910E-D1165033D0E8,AA3CA642-7493-4391-BD8E-D361EC9F5D2D,A101F058-B7A7-4E0C-85D7-B0ACCC5B0D90,88838E57-BACF-459B-AB5D-0465A637CA09,fa12ed2c-24dd-45e2-83aa-5f5d01d95e9c,344cacad-db43-49d0-8704-236f39b6adbf,E1D73F82-A206-4AF7-9658-A1CFFD6154EC,EE017535-9D3C-43E7-89B1-AE908F209B64,2370BB5A-1E9D-4505-9E67-6285DE5630BD,dda504d7-4c92-4456-bd47-9314759d415f,66D59A4F-9117-42AB-8723-2B4C207E64AE,8A0904B6-E3D6-4B77-8E42-5D2067C0B7F9,c96e1215-567c-4b46-bd0a-2c05eff355c1,E937396D-EF92-4382-8818-D6316D5A1D0B,3F033504-FBE1-4CAE-A67A-762662B37130,63EEA9A8-985E-4EFC-BE7C-B7785DB41BE0,86E01454-7AE9-4FE9-BE50-24D7D9E4330C,7384e0c1-1044-46b7-8df6-05d8a643b631,5096ea51-01e2-42fe-a808-85ab0e57498c,5f42bc4d-27f6-4d46-9305-73fa0ad733e6,a6056198-43dc-4d8c-86a8-2bb49781c50b,861d61bf-5b7e-4e48-97b6-510c96115f9e,DD093AC0-9827-446C-A2A7-0D22BC39DD4D,eab1bf2c-216a-48db-aadf-bf86b4c74e9a,ea617eb5-4ce8-4300-9849-a95131d0f3f4,65C2EF79-BEDB-4021-8D93-BD162E06FF7A
Landcover (MULC),C013,https://edg.epa.gov/metadata/rest/find/document?f=searchpage&searchText='Resolution Urban Land Cover',91A32A9D-96F5-4FA0-BC97-73BAD5D1F158,d7918101-6cdf-4502-ac57-f5740f92f83e,464dfac7-34e1-4d0d-9caa-6b190ef827d4,02665f65-577e-46c1-926a-b83a9ae3fe6a,c7c643ad-07b1-499c-9d20-6059c1abc416,82ab1edf-8fc8-4667-9c52-5a5acffffa34,A4152198-978D-4C0B-959F-42EABA9C4E1B,2FF66877-A037-4693-9718-D1870AA3F084,87041CF3-05BC-43C3-82DA-F066267C9871,D602E7C9-7F53-4C24-8237-746FD3A82CE8,ccc7c413-9908-4e20-83e1-acf01b05de38,8e426180-b263-48b0-ac28-514adc076f03,61C69E94-1EB4-42B7-8C56-4D064C05243E,9780F143-C78D-4FB6-91C1-DDCDCAE30EBE,901B707A-F205-4B85-A9C1-8C01DA206E60,66bb3d88-be8d-428e-b137-0a427d0ad41c,FDB995B6-5B64-422B-A59F-0C272A83216B,D556044C-FCCC-4E8B-B157-5E7B8587AEE7,c28bb96a-9a58-445b-a284-9ed2b9147704,23727E56-F4FD-4D81-BA01-68E61264B049,A7C3F637-67AB-4E6E-90C0-04A9EBD6A1C9,0C356577-EACE-442D-B723-317B518F1885,65A8193B-0652-4748-AE8E-FD328CCC448D,EA63B203-90DE-427B-9CEC-1640FA9A68EC,f0e4c532-b1d8-4b96-8d1c-855103e5099c,f4db962b-0c81-42bc-b934-446fed441201,b5bdc84c-02f4-4768-93a9-49755acb5808,A0DFB8D1-96E9-4DFE-BF08-65485735A3B4,9AD339AD-9243-4EFB-A70B-E2471D96A23E,97ef08f1-4c48-499d-a5be-72b35824bc65,6bb22dd7-3087-40b4-8969-a12a8bebe625,F5ED8E1B-8772-4082-A38B-89810D7C7BA3
LCSum,C014,https://edg.epa.gov/metadata/rest/find/document?f=searchpage&searchText='differences in land cover amounts',78D84EC0-4C67-4BEA-924A-95C54B0BA030,6890399a-0e2d-4124-b1be-630592468fb0,06557b12-6e26-4855-93ac-a354851158af,95f43ed1-9949-4a21-bdb1-eea0b824b412,37d72c8d-b0c8-48ef-b1e4-893047d8af1a,a188b44d-3442-4447-883a-3746b55a350b,FF40DDC0-76FC-449C-AF78-8E61FAF54AB4,47B04639-1BEC-4CEA-9BF0-8392D946F53B,95EA4EB8-8403-4DD5-B8D0-32C831938098,384D86C0-1B54-48CC-AFB4-2419D479A1B3,18f8519b-c5dd-407e-9138-0b0cc2cb3edd,df80151d-710a-4ded-8d1d-98831b178eec,80A22622-4B2C-4C27-843D-F0B7E3610F02,104F9776-1473-4B41-A8F3-15C80EF50879,CFA7B8FC-B211-410D-B0C1-9A6A1CEB5429,209585f0-c5e8-4363-a7a6-b21487675142,5BAE6663-0916-448A-BABB-7A99485C8BEB,8A1C721F-3043-4E4B-BC66-C5DB496592A5,a1f71e9b-e112-42b7-8890-1bfd8c75885d,A7A825CD-02E4-4527-BE07-40FA80495F98,7FA05742-C5DF-42D4-8FEC-132F672DAAC7,EBD40B70-F07A-451A-8FCE-62CC0837E4EF,E9847A2E-C8A7-4C9A-B1E2-7AE54DE39FAE,0742158a-6795-4b60-a4a4-1c0567819464,3be0bc4f-3548-4142-9173-84db58dd4c00,fb91eff1-a230-4ad1-99f0-03639db71a2a,09df2061-bd30-4d4c-aaad-0c392d8f802d,af294d26-bc74-48a5-8506-30a2219be65b,CD8DBCBC-72C8-4ACD-817F-A497BA4B5E22,cff40031-bd71-4e16-a022-0229244b9f73,369170cc-ab2e-4647-b04a-5338ea2536f1,6A323828-C19B-4D2C-848D-2636825B1744
NrRd_PFor,C015,https://edg.epa.gov/metadata/rest/find/document?f=searchpage&searchText='Near Road Tree Buffer',8931687C-D67A-4921-8760-806EF0B718C1,342927af-c877-42fe-8d1e-4c72222e43a5,0bbd6d75-31f3-43d7-922e-1fe949fb0538,cc9aa108-8c75-462f-af5d-66a3df9c1632,1518a7f5-ebdc-4841-91b1-eb65c1f9fdf9,9bf738c6-456b-441f-a7aa-dc4b094e8d65,3C688DB4-B351-42F2-ADED-8A2C98A3AE3B,3F2450A1-F022-4769-B5BD-07E160DC981D,D8060C78-A6DE-43E7-B119-E6822489BFF6,CCBA48F8-FAC6-47A9-9214-2CC572EDC00C,9f421a0b-1a82-42cb-9f51-f68169a53a94,1a723653-0eb5-48c5-ad15-23617b2edb42,9DBB7006-B86C-43B7-8531-38F8D3E229A3,F66406EC-DE10-4BB8-B948-8B7E7B487ABE,C0D14034-B230-435C-8357-91CF1FC55AA3,4ee24ede-422c-4626-b512-baf728e7318e,01C8CA2C-D7E9-4160-B498-6F30D1F015EE,D61133BB-ED25-4AE6-BA2E-176C5E51E37B,625a28a9-3fa5-4009-9904-0a5969f3436f,452510F7-4AAC-4E56-A982-6F5B757D5DA2,88744738-743F-4AFC-8D84-16773E1F79E8,76268E88-EA40-4E9E-BB3D-D3AA39CD3F69,2335E822-190B-4445-88F5-5838D51784A2,003f5eb4-0e10-4c05-b821-f1b7a46606c9,dde2da85-1fe8-469f-a3f3-b6c460a962be,ac0e7e07-beda-4240-8113-7b2b7fd398e8,9e414fa7-d021-41bc-9a39-b4ea3800f01f,2e28394c-0c2e-456c-a567-554eebf5954c,F7B7E9EC-B189-4327-BBEA-C3734DFBD404,dac224eb-d78d-43d1-8051-d1baa98e495c,ebc3b294-81b0-4728-b6df-c31cbd5803c1,79DDF0BC-FBA4-4DA8-9CA8-BE6158C41F86
NrRd_Pop,C016,https://edg.epa.gov/metadata/rest/find/document?f=searchpage&searchText='Near Road Block Group Summary',1593D987-BFBB-40BC-A807-8C8A03062224,a39b145e-6a91-43e9-ae91-25d3b75719d5,252fdc52-55ea-4f3e-85bd-7e6920b5e4c4,406257e8-a58d-49fd-87c1-67c2aaeb6f60,aa7d0604-7a32-4be1-94e4-3d8bbf92aa70,a4c18bcd-a793-4182-9a5b-ed75fa935a9c,71273470-AFC8-4AAE-B334-072E921AD1CF,F2AF286C-349C-46FF-B31D-5E0C51438B2B,08BF6A10-ACE5-4485-BFE1-F941C3614D22,70B5DB55-197E-4250-8324-00C5AA1F7F15,c2959c77-1c79-4e2f-ba99-e70fc1f73e19,2009f5bc-e4e3-46d8-87fc-96a4bec9a387,30C8C193-233A-4FEA-81BF-159F22B7CC9B,24A7E9CD-EF30-4381-A1C6-6248298304B1,5877E839-048D-4578-B7F9-554897C567EC,6da2bcbb-9802-4312-842c-592ca6188ce6,F4C398A8-D1DC-40ED-B53A-1FA79EEEFF23,5B1AF46D-4FB7-46EE-A99E-B859BC867B29,49b48e48-d40b-4474-b47b-501ef35e89d0,CCFA8480-ED62-4E2B-A357-18D3986151EC,84731071-3BA2-424F-86F8-DCF6E409B5C7,6BB97D90-1B54-45F7-98A2-278921DE3F6F,D723A4FA-9C10-4531-A2CC-05E594134419,b92fcc15-51e6-4116-9874-d2051ed7bdf6,06c695ee-ac11-4808-a0ca-f080ce6d5d0d,c8fab849-b86b-4dbd-bd57-26c3777ba9a9,39300a70-6097-4226-8d18-a2883c65863a,342f4d0e-289d-4c96-a6f3-2035f03fe394,6F0C61B7-7BB9-4670-A69D-A789D7EBA97C,242a4ca4-babc-480d-98f6-cd3c5c962ae8,db8fc412-4fd9-441b-b937-3f105d7dd26b,1A94C72E-9AF7-42BC-B739-DD72BCF6476C
Park_Pop,C017,https://edg.epa.gov/metadata/rest/find/document?f=searchpage&searchText='Park Access by Block Group',5C8D8D98-7058-4A34-8512-668D98426CEE,59f50d56-4299-4655-93c3-bd7834dd003b,602d3af8-3553-47c3-86d0-739e35623da6,75a8d3ba-2d7a-420c-a160-9d86716af18e,05c1410c-14f5-45d1-96fc-5b1e5d08f663,dda3a5c3-7c04-41c3-a39e-b6b2021eae9a,56100C52-19B8-4BFE-88E4-F42CCB19E44F,0ECF494E-DF62-44CC-B7DE-598899314D2D,690458F0-D39F-44F7-B129-C972EE09FDFC,A8EA353A-6EFF-4D2C-8222-37A677E69ABB,c69db231-4e1e-4850-9542-db5ab075ddd3,985471ae-f8b6-4f35-a510-7b62087159f2,B553C7FE-2F39-49F3-8CA2-FF7DF6765FC3,AE21A127-D4ED-415F-BC4C-D3CD3117E35C,8C1C9324-A5EB-4256-BCE9-B9133388BBD0,0fc681be-3e94-4f30-aafd-8f658fa4f709,8C097B4B-6883-45D7-BF40-56440C4B92DC,7CC51B15-3A7C-4E14-9E6E-5CBC0508ADA9,4947cfa4-0614-49e2-b321-0fb3b8641e9f,796332AC-95F3-4497-B299-99E7F9C5B17D,C1D39F9D-1506-4502-B0C4-CA2F3D0D467F,B08A2C97-78BE-4FED-8576-A7816BF249DC,8BA859A4-71E7-4F5B-94FD-0C5ED76B16F1,,d8b7eb25-b431-46dc-83ae-5559b32d9965,4b6f79f6-d20e-4d2e-98ec-1070ba069c8f,713c26cb-deae-4e0c-949f-93e40b33c3c0,,5FC3F0F9-11FA-4D30-9964-E1D69F6EDF3B,,97502339-ee5e-4937-994a-1ae638481f2b,3DE7818E-F39B-4DB4-B24B-70D7FEC46723
Park_Prox,C018,https://edg.epa.gov/metadata/rest/find/document?f=searchpage&searchText='Proximity to Parks',6D2657C3-52F8-4E41-BC35-00EE9DAADE4E,e2f2445f-f7df-4b83-9004-eb4e1c45bed9,920a6fb4-812e-421d-a4fa-f6a328c1f3d3,c31dcddc-6750-4504-9121-668f2c6d53d3,0ac432be-0f03-46c1-afc8-ce5f076f1967,0ced9d35-9f11-46ca-abf0-1e10ebae1331,7BDA7EB9-C5F8-4C15-90A4-A3CB285671D9,38956084-2AB2-422C-B56D-068C8CA6AAFE,5D957C70-5A37-48A6-B7D4-1E304710417F,8675EC55-2CCE-4B83-972A-A23CD6618B09,49681807-1c43-45e1-9f40-b9520af03c35,6a46d7c8-a344-4d19-a111-0c96a2fda15f,BBF52A70-DCCF-4DB6-ACDE-82A321A03F8C,E0EC8E26-0688-4EC5-8611-BF300054820E,15DE4903-7C9D-4F61-9761-53D9904447C1,9d0bac80-69fc-4649-9131-95f276da0ca0,4860A2BF-B3EB-4199-A3F2-6DDB7E97F880,42936F73-D645-4C86-820A-72A19FBB213A,7a75b14a-0a19-4eec-b557-82a38c908c9b,A7A825CD-02E4-4527-BE07-40FA80495F98,F3BA2EEB-784B-45C2-B8BD-DC2C2CEE2479,90E93159-7A1E-4BAB-95FC-8B04A15070E3,4671F2A5-B691-47F9-9A1D-C11AA0F952D0,,6d857d72-acbd-45e5-8a4a-a1bb47bcca80,50aca814-8f1c-41c2-8868-7d72f6712612,5f7d20ba-cd99-4671-bece-0aace9d94d57,,C17799CA-F743-4CE6-BC71-3D4C82E5F2BC,,438426b8-1ff5-4c75-9d09-4be8645d4229,667D6539-13C6-45A2-BD5B-80108BAA5213
PctStGS,C019,https://edg.epa.gov/metadata/rest/find/document?f=searchpage&searchText='Estimated Percent Green Space Along Walkable Roads',EAC04CA0-5AD3-489B-A342-49F57FBB7CEB,8ce1d8f0-7f92-4c82-baa9-30bedfa70e7d,797b2524-1f64-4bf6-8dfa-cd836693da66,f02f34a6-f362-4257-ba7e-984f2d0033bc,f294cc77-0f3b-4828-a85d-8be3ae4e935d,c95f3a7f-3276-40f5-a227-c1879965fdaf,2ED3979D-CBA0-45EF-A325-A148EC9EC64D,5A797B3F-9BD8-4910-8789-4DDCDCF57233,BB50BF0D-935F-440F-B636-6DD3D1018EDE,32478BA0-2D81-492D-89EC-27F2C327F005,83ddd113-0d1e-484f-b1c0-c651b3c6b58d,dd9a9138-6a1b-41db-af48-a19d833b4d23,EA4CAD62-CB0F-4B5F-B76D-60786EFC240F,1F0F363E-147B-4253-8912-0EBF54D548FC,233796CF-1DF0-436F-8480-B6C960B57768,a660a9d0-7133-49e8-a5a5-b1862e737ad6,E36A4F4F-C50F-4F7F-B35A-0D8CB51CF5CB,1540AAB6-3F17-4EFF-8CA6-0EF46D054C10,d84e06cd-3b93-4c91-bc62-3c55d562315c,452510F7-4AAC-4E56-A982-6F5B757D5DA2,790EE1C9-35E7-4954-A23F-ACB41A736E4C,735F29B9-8559-4670-9C87-082310685D56,E714B107-77AA-4C8E-98F4-C14D77BC69C6,4e4fa569-2e6c-467c-b74a-46525584b52f,af462b4b-3925-45b0-aa41-b0a89aa419ff,f76447fc-8907-4f8f-8ed7-bd5ca4ee02fb,c8c8a916-5414-4ae8-9902-5cd20075976c,d903e923-cd6f-4a12-a203-393e822396da,791C9D8F-4F23-44F0-9F4B-E8256D66EE0B,71eaf038-3e84-4dd5-bdd2-edb645d1227a,1f3b92dd-ff2b-48fd-b8f4-782f97009fba,004E8C87-72EB-4A62-8AD3-333BCD795656
PctStTC,C020,https://edg.epa.gov/metadata/rest/find/document?f=searchpage&searchText='Estimated Percent Tree Cover Along Walkable Roads ',4876FD99-C14A-464A-9E31-5CB5F2225687,9c026499-8ddb-4b2c-ae69-434876e66f7d,14de2c22-e110-4902-a0b6-7c1ad927d651,89779f5e-9ae6-41e7-91c3-29a7aaf8e280,dfcd9aa7-a95b-4b87-8471-fe714f5cd125,28e3f937-6f22-45c5-98cf-1707b0fc92df,09FE7D60-B636-405C-BB07-68147DFE8CAF,F341A26B-4972-4C6B-B675-9B5E02F4F25F,B71334B9-C53A-4674-A739-1031969E5163,B9AFEBED-9C29-4DB0-8B54-0CAF58BE5A2D,d38cc89c-c279-41c7-b6c2-cc751328eea2,99987de2-b31a-43db-ac6d-117180e04d51,BE552E7A-A789-4AA9-ADF9-234109C6517E,922381C1-009A-4EC6-AAE8-7809AE0B23D7,ECA7BDD7-8461-4C97-A406-B52B7B453282,f8f4bca9-cfa4-4efd-899c-079690b8c708,D8406925-C2A8-4E29-991F-0BA8FC2DB685,6A2FE776-5822-4137-BCB9-02D54F772C72,b65ca0bd-3ea6-417f-96b6-67a010e96e96,CCFA8480-ED62-4E2B-A357-18D3986151EC,8CE26C98-E877-4450-9CEF-F6861B342183,5786F2F1-5005-4A23-A754-71A8E25AA081,1CFC7DBB-E245-4C83-84AE-81D950FEC51E,a050fa9d-0c30-459f-908a-f7979a292dbf,f229b54f-4356-44ec-9c8a-fee8e03edb70,1f3931a0-a081-454f-9522-a07eaa7e9b0e,92f1d7f7-6a6e-4e61-8c81-52e4e49d6bce,eb63c43d-4057-4dcd-aae5-95ff9429c068,790D6F59-241C-40FD-B603-337A4CEA9299,4e3a91a2-5c0b-434c-90c1-c0325de54c8a,b266040b-0b4e-4bf8-87e4-e5cda3f272b7,2F091ED2-8A69-47AA-82B5-75A5A4FFABE4
RB15m_For,C021,https://edg.epa.gov/metadata/rest/find/document?f=searchpage&searchText='15m Riparian Buffer Forest Cover',5F576D51-A856-4495-AB35-BDC40974333C,55ffcbd7-a1e9-4d3a-af50-f21fb6871082,fafda787-b343-424f-b199-4e5bb0bdbc06,00acdbd6-e6de-4bb3-8fd3-0cfffcf6ae68,2e653f59-fbce-408d-9b11-5facae21ebe8,94b46171-da09-4dd7-a831-b3ec9b9468ee,6867E66E-3395-44B5-91B0-7C09845BF069,6201C7D5-C28D-4065-A74C-E9047C4A20FC,5CE0686B-A793-49F1-8E32-1409F96BDD42,5CC680BB-A78C-4381-8463-63E1FC3F98F5,fc58b1aa-d26c-422f-bda4-1a138411a00f,3dd12d45-b77b-44de-bbe9-101e0b44acd7,86CB334C-C74F-4B42-BE2F-28BBEDB764CE,6D35F1D5-7301-494C-BFE2-6A1446810ADC,B299B0C2-7759-4470-86C8-79F5001F6FF2,7f868866-c5ce-493b-8a5b-a76633ba05fd,10FA39C0-792E-4585-AF1E-B01D9A8F5BBA,2A001B49-9A58-437D-952C-9F83E49DA557,6cb4b1dd-a3bf-41f8-89d7-75505337fda2,796332AC-95F3-4497-B299-99E7F9C5B17D,07C2370D-FA8D-49F3-B715-7885B6E68456,0C420C3C-D0CF-4FDF-A058-D58A9689C367,4F8E223D-F86F-4370-B885-2182A67C1531,37d57455-577a-4c06-bfba-08810c2a53fa,0e4d16d8-7a7f-4044-a066-ac7174e42094,2ecc2ee6-ced3-4230-adaf-2db7cf9ec62d,8c68de76-baad-4c92-a64d-001d94002d39,b96a9dba-c5d9-41c8-aba0-da80c0a2fd55,432B30DD-DA4D-44BD-81C6-13BBD9FC3661,65e9995a-36b5-4a88-b42c-e614bd9b4060,1afa2a39-6a58-4788-af4a-48d30c0ba9ab,7336D0A4-C8A4-4EF5-B3CD-EC94226E8B2E
RB15m_Vege,C022,https://edg.epa.gov/metadata/rest/find/document?f=searchpage&searchText='15m Riparian Buffer Vegetated Cover',F236BDCD-BE39-46FD-9C60-E0C13CD5B03D,c75fb2e0-0a07-415d-a5dc-f6d4037cf8e5,580d5c5b-ee82-4bef-a392-a0661f2ba88f,b7058b1e-a32a-4f8c-8c47-e5c3e739a071,c9396a26-2ea1-4b1b-8fd6-86cd51cb4142,4a9146c2-5076-4afe-bf63-aafb60a3fb99,B0A92F1E-0881-4A9F-99BB-3CB4AF0E1461,9FB2E550-65E5-4A4B-9103-AF38ECFF9208,3BF28BB1-D669-4A91-9D4B-7A5D92F36B90,1682BACA-928B-4D10-B569-B038DFE260E8,4d67486d-6fe3-472e-a78e-13a531b56e8c,2df6ed65-b315-4c17-9e51-40fe581aa4ad,52B6F298-50DD-404B-91DB-11ACA93CF798,5426CC75-0953-4BC9-86F3-B96DFB6DA661,3740370C-C0A4-4F12-A3DB-46A745407D51,555a1fe3-eea3-408e-9c29-99aa9ea99cc8,EFA73792-E26A-4047-9457-B9A7E8CEE166,D0023539-F076-4A89-8B2B-758758D276E6,32b1263f-921a-4aa3-9fa0-d72d87544686,A62B08BE-36D7-43EF-8C89-4EDC2EB5EF54,549F17A9-318D-4008-8920-FF8E2DACE0D4,8BBC27BD-03CC-47ED-9AE7-463F7E236571,A047FD03-2602-49E8-A923-5BC767E94444,a2602246-506e-467b-8172-1969fe978b43,3aef592f-b49e-4b2b-8a39-6a5f19407fcc,753155ce-ba0a-4222-b36e-98097c77ecce,8d5ac29d-ed96-434e-b6b4-a7218a79d507,da76f00e-3959-4057-b4c5-c7de90ed940c,453A7D4C-80FC-4A22-8715-17BB566E9CDF,6cb85ed6-6ae1-4b53-807f-d2dea9cfac6b,249f594d-68ec-44a7-87ca-fd32731470d6,A3B80653-E19F-45E8-94CE-C5B8861586DA
RB51m_For,C023,https://edg.epa.gov/metadata/rest/find/document?f=searchpage&searchText='51m Riparian Buffer Forest Cover',E7F9E9A2-9D66-456A-A2D3-ABFBBAB0C52D,a3116812-187f-49aa-aab9-34c100ba25b9,cbd8c3b6-62c4-4c11-abf0-89685bf599c0,3517d8d7-cd44-4603-8432-03472339f225,902564d7-7b7b-4644-8f83-c2f264c98fe2,76bacaf5-78e4-4867-96f2-5957071345ce,870A2D00-9E04-41DF-9867-2C34214AF6D5,7EE86539-98B8-42F5-AFA6-1279B3400CAD,51D9FA33-4FB2-401C-BB8F-EBC865C04B92,ABEA2C9A-9BA6-4B06-BDA8-5271C625DBFA,902b49e4-373c-4df3-a380-9102a7bd6151,f7ae2e8b-8979-4ad2-b14c-98bec47c91ac,D46AD66D-EF29-4CDD-AFDB-C2D6AD09372D,52EEA142-035E-48F4-981F-9EA4F3279F9B,CD937B20-CB6B-4764-B8A3-32B819CCA1CB,572a5ab3-f384-4483-a5eb-7e5fc8d3947f,AF1F2F8B-B6FE-40A8-9B11-2684F6AB9D98,BA04F125-A93D-41CC-A904-C609F2557F24,deacd43e-e4cc-4c02-81ef-27a44dd0cddd,0C9150F5-A4E4-491E-87A0-319861DCE079,70F39630-7874-4B03-9DE8-91A1B52F2F9C,E94B7C36-8E81-426F-8DE9-F7DD16455992,D870D99D-E64E-4179-ACBF-A5E47BDF8EE4,3f3b083d-109c-4469-84e3-dbe3565f22e0,198c18ea-6cb3-4605-bc53-273ab5f671a2,14a8b09d-4752-46a1-aa1d-46dacb6595fa,58afbccf-7941-416e-81c1-146152cf5e58,ba1d230f-36fd-43f8-9d5f-cc4045fe4d7e,82E64BD7-359B-41E6-8C2A-8F25C59A7B16,87b0b4a2-5c2c-4f96-b71e-00ad1682c935,195b598c-4176-4bba-89cc-25f7ad1e7ad8,CAB72188-28B8-46FC-B476-BEB10AD62571
RB51m_Vege,C024,https://edg.epa.gov/metadata/rest/find/document?f=searchpage&searchText='51m Riparian Buffer Vegetated Cover',E5ADAB8D-6CB0-4180-9461-F33C79F95C18,e12d03ef-6669-4fc1-bdb2-6bf5b67bd5d0,ef8daad1-0e4f-4766-a945-a6f3b89883e0,b9e8f93c-9787-4790-9015-888ac4c438c2,7d71071a-5bbc-4482-b956-425a02638ccd,c1b7ce33-4b3f-4a7b-b952-94d9b02ea131,30E04D02-E660-42A0-B3C3-3C37D3936897,16916F24-DE3C-41E1-A5B8-10459BB82C6E,2D474841-C677-4466-95F1-F8E9FF4EC7CD,F3B58426-2B09-455C-80EC-2DBFCCBC06D4,7bf19972-2fae-46ba-b7ad-e123d7fac270,c3e91c42-8c59-469b-8d1b-fcfed11c3fc7,AACB2A04-8675-43BC-81E6-EACBEB8ABCCD,7DD7C43B-E15A-43C1-94CD-91512F22E89E,4C038D6E-360B-41C8-97C9-F4EB4971E835,4fe5d6d6-0b62-4b75-8b82-e6029a65e557,E168D559-E416-46D0-857F-09CE07FE3740,DB489B15-0C42-4835-9978-52704DB63170,e6710a3f-ca84-4ab5-822d-3b3a66ec3a3d,9DFA46F0-5610-4BB0-AD19-0812DA87A736,608D6B07-27DC-402A-85C7-7ED69E7113A7,7853CBB6-F4E8-40C6-90EF-D1335ECAFEF3,67681F2A-32BA-4BFA-90E9-E59682B021AE,ac9dd703-9e2d-49fc-856e-96a3698c40d7,28a80766-d229-48be-856a-ec2faf476358,f8c8f464-6f51-4e0c-901b-a36df391d902,bb93bdab-0d01-44cf-b2d9-8ab04a208db4,c06c0a42-4d4f-4b2a-868d-1f305eef6b64,8CBCD2C4-15A5-41A2-88FD-DE098C2C1709,c4d0dc53-cd9c-4c55-abb5-4ce091627e2e,3894f10b-3f41-4df8-870a-719beb83030d,82528C2A-1E86-4BB4-B18D-CB15FEBF3AF6
RB_LC,C025,https://edg.epa.gov/metadata/rest/find/document?f=searchpage&searchText='Riparian Buffer Land Cover by Block Group',4255AD85-2593-42C3-9890-CA48E056CE1E,00b9b5a6-1182-4acd-8768-cfee0ed42cb6,0ddbc0f0-f4ce-4383-b114-35cef2094b7a,357a9136-e1a1-4291-9cfb-1c97f5e8f147,b4ce2fa2-96a2-493d-ac80-67b18e591fcc,c8e6d785-3cf2-45e5-be24-579398e9ee30,842B3FD1-CF7C-4CFE-876A-554317CF32E4,206329EB-D807-42FA-9668-E42C62F973F8,6DD8093C-178C-4606-9004-0731974643F4,54F3AE50-5F01-427C-87C8-5A061BFA6D6D,61f07a6b-ce92-4ad2-bf79-513f02c797bc,547a3d12-8fcf-4bfb-92ed-9275745390b1,2CE454EA-9382-4375-881A-96FA485296D3,88E6AD36-C6D1-4C64-BFFE-EC5CCE916CC4,D40CC0AB-C73F-4021-9C90-002396318687,c9ba8d53-fd2b-4271-9a05-bf91113ed58a,781EA0A4-51C4-492F-A04C-679C634371FC,B07B93C9-4628-40C4-8113-84EB01691768,79db3b23-5435-46ab-99fa-83fd3d44776d,04FD87BB-E2A7-4D05-B817-C2121648C633,A0529E14-C8D9-4050-AD5A-61EC7016D4BE,1A27AAB0-9DFD-4D90-83CE-4024C3E2699B,E27DFC18-27D1-49D8-9434-EFE6D369EA14,145305f5-ba8c-4a59-8aa4-3b2f146041dd,4dc58d75-67db-4b7a-9622-385bc5f8e1ac,797f6dd2-db7b-4e9b-98ba-1db2588da609,faabf24b-7fce-406f-b141-61680b85ff6c,3696b31c-44c2-4286-9c0d-15e3d81882f6,493C82A9-D0C3-41F1-BC25-C41F56C0FCA8,15276036-4742-4fd2-bf96-b9a406499dc7,7c563b9c-9efa-4fae-aa70-d3679dfc81ca,ABB74299-424B-428A-9DCA-016278A632DA
TreeWV,C026,https://edg.epa.gov/metadata/rest/find/document?f=searchpage&searchText='Potential Window Views of Trees by Block Group',C918DC4C-DE6F-4245-85BC-17D70E6B2512,e0667c60-0a0e-48e6-9fc2-ee112271a8f1,7e7e910f-4ae0-4ce4-bf4c-ccca5e73dbde,fe662162-29a0-4d85-8bd3-288c7cd21ec0,1b277079-b6dc-4c6f-8613-0ee842d56b61,5bff7978-ddc6-451c-a02f-34a29f5b34cd,97B64205-0459-4B9B-9663-9401A86768B1,48AB84F3-1315-489C-9C56-1A026BBE125C,1DDD75AC-3545-47DC-8FC7-EA2C810028D5,37EB23AE-51E4-4F96-980E-26C1CD0CCBEA,13fa8d47-f240-4cab-9cea-bc1e9b716394,e20621c1-27e9-4fb4-8cee-035302ec42c9,7869ADB1-85CF-4D5A-B989-36DFC1C3919A,C2C6C515-654B-4C2F-9917-594D7E920A67,00493E9F-FECB-4B7B-A406-98FD6C26E519,803b25fb-a0ad-4cdf-b485-76898a772e99,CEA4B57B-C073-4108-8BAC-707BE6B8898F,BE9CAF31-2F21-4707-80A5-B3B94060C6E6,6f526c69-af3f-4d77-8170-8e6a2d91b1b8,03FA9849-3EA5-48A0-9C0A-B963FFAF027D,28F4D4A1-41E8-44F0-ABB3-D52DDF4BBF7A,B2255239-2522-40A9-A986-CA396D323415,A08DE95B-E622-4870-AADF-057DFB1F7EE3,9a1d627e-c12b-428e-9a8b-53ee30dad2f2,caee74f4-72b4-400b-9656-af1cd9d9a7e8,e9128488-d40a-45bf-aab1-bf02a69d663c,adb8983a-f33a-4a74-9fff-afe6515079d9,87cc7d18-6410-4e86-9415-a8ca73f927f9,66FE1B8E-FE35-4BF5-8960-F4BF406FAA9A,0af5b568-bb6a-4749-832f-89e1d22fa65f,c465704f-18a2-4268-94b1-798d10eb2efa,1F599CEC-5D47-4BDF-938A-317B2533E85F
WaterWV,C027,https://edg.epa.gov/metadata/rest/find/document?f=searchpage&searchText='Potential Window Views of Water by Block Group',57D85E20-CC2F-407A-A7A7-565709DBB400,9fc61967-e135-45a4-b382-92291160de41,e6afe207-07cf-4917-b533-279a57aa40c3,9a6796aa-a4dc-4fb4-8abe-2eae2482253a,73ba6d6a-f550-496d-a0e4-e11d624cb502,44f77f11-1d19-4828-8cee-a5576cf1c59e,F2C570C2-BE3E-43B4-9FC3-1053CFFBDF7A,1ac9e95f-5911-4462-90d0-23dd823ff2c0,1EEAE107-0B7E-4436-917E-E0F1BC82601F,BA2AA91A-E450-48E0-BE36-B5123CBE6024,0167e588-f339-4ff8-bd38-2f3cb4453848,e26fbd82-c372-4e86-aefd-8955df3da84f,B5D1624C-90C3-4050-AF0C-258153B6BC48,92BF58F3-6820-466B-8980-EDCDBB70A81E,980643A8-2DB1-4A8B-B995-C29B010911C4,1a3a6b78-0b4a-4a8d-a7fd-d1c8e8867037,516FC3B1-3569-49B7-A4CA-3A0B32D15211,6a042f2c-d992-4517-a6ac-c20835d37ed7,be3d9eff-36ca-4ad2-be91-cb8d24365bb1,6F575B19-1785-483B-A36A-4E9BFD02A048,1B3A2D2F-0FCA-4E88-A392-239B8FFA32F5,5C9CB13D-953B-484D-83D3-D3C82C213166,743817BF-ECD2-44AB-916E-7BB1839491D8,a0fc3e07-31e8-4060-a4d9-5504db14623f,1fc2c7ec-f506-46e6-84bb-0cef90ff0ac2,41076759-1c1a-4de9-a461-a2ba2050bc5c,d8389a26-4f3e-4257-8eb1-a7c6aea067a9,e8600596-b594-49dc-b6b1-7d1d094657c6,72A68A05-3DAF-4B0C-A93B-7CBCFAE352DE,b54e221a-f72e-4f4f-ae14-780afb897457,e7a1aab9-567f-4dc6-9fe9-9c1cc0da8ade,5629722b-a45c-43af-bd95-949ac32a69bc
Floodplain,C028,https://edg.epa.gov/metadata/rest/find/document?f=searchpage&searchText='People and Land Cover in Floodplains',dd3cc5e6-9465-4e01-968e-62d69cf612c4,fae9d86f-ddc5-4854-9877-b6bd5e2bd267,035d0ff6-423a-4b43-ab74-160c8b93b1eb,b381bd57-04c0-4d32-ac3d-b4d7f09132cb,98b002a1-a004-42c1-be37-7fd531f98556,aaa8ab67-2e98-4e52-8301-e01c3b71a227,eec0cab5-ee3a-4658-ab30-ba78363cd94c,c8ba361b-85f8-4288-947f-f5df80181c3f,88f9659b-6c60-4665-b46d-ccda25924c7e,199d2a45-0375-45b4-bcc6-d1fed26091b0,1fb6f601-845d-4f04-b09c-083ddcbaf547,d67a5058-671b-4bf8-bf21-a14730588ff4,7fc02bf1-9a32-4d74-a3e0-e0d1ea4e115b,ac91e0d3-8299-43f5-af11-90b03bde21cd,f149b8f3-9116-4ad3-aba6-e8f8464c3973,58fc2c21-941a-40f2-b2fc-348447ff850f,7aab6b8b-c807-488a-8cb5-5f21d4893357,ade906bd-0bb7-436e-9d7a-6475c0279545,ca55e46a-9a25-4316-b09a-49fcc7de0f37,e19e1ec2-7730-4e4e-a4d9-dd286cabd7d6,ed880428-f69d-4a89-b507-a1a761236c6e,b90985b4-f9d0-4565-b5b7-bf0df58c8130,9a8cf13a-9124-4c34-8e79-6a6d6eb4e284,4c231e78-4e21-4dd6-ac20-8742787dff5d,9f0694e5-14b6-4cb6-8770-9b1877881f6e,24ff9acb-5bd2-477a-a460-581b9b578855,e310bcdb-0937-4810-93c8-33210272039e,b401cc48-2ab3-46ef-bf3c-59fa9e274226,95626fc8-a7bf-419f-a93c-fb2728e12f2b,c0520b68-30c1-4d72-b208-726ec081bc60,a8ddc470-d1b7-479b-8058-7e681f89958b,810a1616-3c48-4780-bd69-a1f7b7baec14
