layerID,HUBsearch
552,https://epa.maps.arcgis.com/home/item.html?id=92d1028853824ada88b113e13a5ad985#overview
579,https://prism.oregonstate.edu/normals/
580,https://prism.oregonstate.edu/normals/
581,https://prism.oregonstate.edu/normals/
573,https://prism.oregonstate.edu/normals_other/
574,https://prism.oregonstate.edu/normals_other/
575,https://prism.oregonstate.edu/normals_other/
585,https://prism.oregonstate.edu/normals_other/
586,https://prism.oregonstate.edu/normals_other/
587,https://prism.oregonstate.edu/normals_other/
576,https://prism.oregonstate.edu/normals_other/
577,https://prism.oregonstate.edu/normals_other/
578,https://prism.oregonstate.edu/normals_other/
582,https://prism.oregonstate.edu/normals_other/
583,https://prism.oregonstate.edu/normals_other/
584,https://prism.oregonstate.edu/normals_other/
518,https://enviroatlas-epa.hub.arcgis.com/datasets/EPA::2020-dasymetric-population-for-the-conterminous-united-states-alaska-hawaii-puerto-rico-and-the-us-virgin-islands/about
529,https://enviroatlas-epa.hub.arcgis.com/maps/74c2842d8c024e3da9ad3b62a2a91145/about
345,https://enviroatlas-epa.hub.arcgis.com/datasets/EPA::estimated-floodplains/about
554,https://enviroatlas.epa.gov/arcgis/rest/services/Rasters/Outdoor_recreation_area_walking_distance/ImageServer
542,https://enviroatlas-epa.hub.arcgis.com/datasets/bd9a563b31ba4f12b874facfe2191269/about
543,https://enviroatlas-epa.hub.arcgis.com/datasets/6aac2ae5aa2b469b9c58a21893b15235/about
553,https://enviroatlas-epa.hub.arcgis.com/datasets/b736cf7769f141d2bd3be1ad8c95ddaf/about
544,https://enviroatlas-epa.hub.arcgis.com/datasets/6075e590220d469eb23b207b6a3eb308/about
545,https://enviroatlas-epa.hub.arcgis.com/datasets/6f3bb6a2820843bab0d32179661d9ad5/about
549,https://enviroatlas-epa.hub.arcgis.com/datasets/41f81b01244a43f397dfaa0bd19a6085/about
550,https://enviroatlas-epa.hub.arcgis.com/datasets/a828104938cf4555919e049b1bb73534/about
551,https://landscape11.arcgis.com/arcgis/rest/services/USA_Soils_Hydric_Class/ImageServer
253,https://www.arcgis.com/home/item.html?id=2be45af986af4624839cedae883faf47#overview
395,https://enviroatlas-epa.hub.arcgis.com/datasets/EPA::stream-confluences/about
256,https://www.fws.gov/program/national-wetlands-inventory/web-mapping-services
538,https://enviroatlas-epa.hub.arcgis.com/datasets/EPA::potential-wetland-area/about
539,https://enviroatlas-epa.hub.arcgis.com/datasets/EPA::percent-potential-wetland-areas-on-cropland/about
472,https://epa.hub.arcgis.com/maps/EPA::enviroatlas-for-brownfields/about
473,https://epa.hub.arcgis.com/maps/EPA::enviroatlas-for-brownfields/about
474,https://epa.hub.arcgis.com/maps/EPA::enviroatlas-for-brownfields/about
475,https://epa.hub.arcgis.com/maps/EPA::enviroatlas-for-brownfields/about
476,https://epa.hub.arcgis.com/maps/EPA::enviroatlas-for-brownfields/about
477,https://epa.hub.arcgis.com/maps/EPA::enviroatlas-for-brownfields/about
478,https://epa.hub.arcgis.com/maps/EPA::enviroatlas-for-brownfields/about
479,https://epa.hub.arcgis.com/maps/EPA::enviroatlas-for-brownfields/about
480,https://epa.hub.arcgis.com/maps/EPA::enviroatlas-for-brownfields/about
481,https://epa.hub.arcgis.com/maps/EPA::enviroatlas-for-brownfields/about
482,https://epa.hub.arcgis.com/maps/EPA::enviroatlas-for-brownfields/about
483,https://epa.hub.arcgis.com/maps/EPA::enviroatlas-for-brownfields/about
484,https://epa.hub.arcgis.com/maps/EPA::enviroatlas-for-brownfields/about
485,https://epa.hub.arcgis.com/maps/EPA::enviroatlas-for-brownfields/about
486,https://epa.hub.arcgis.com/maps/EPA::enviroatlas-for-brownfields/about
520,https://www.census.gov/geographies/mapping-files/time-series/geo/cartographic-boundary.html
521,https://epa.hub.arcgis.com/datasets/EPA::epa-region/about
522,https://www.census.gov/geographies/mapping-files/time-series/geo/cartographic-boundary.html
526,https://epa.hub.arcgis.com/datasets/EPA::u-s-ecoregions-level-iv-epa-2021/about
531,https://epa.hub.arcgis.com/content/68c6583b7c594e5caaabe146a127763d/about
532,https://epa.hub.arcgis.com/datasets/EPA::qualified-opportunity-zones/about
533,https://epa.hub.arcgis.com/content/68c6583b7c594e5caaabe146a127763d/about
534,https://epa.hub.arcgis.com/content/68c6583b7c594e5caaabe146a127763d/about
535,https://epa.hub.arcgis.com/content/68c6583b7c594e5caaabe146a127763d/about
536,https://epa.hub.arcgis.com/content/68c6583b7c594e5caaabe146a127763d/about
537,https://epa.hub.arcgis.com/content/68c6583b7c594e5caaabe146a127763d/about
588,https://www.mrlc.gov/data
589,https://enviroatlas.epa.gov/arcgis/rest/services/Rasters/Agriculture_connectivity_CONUS_2024/ImageServer
590,https://enviroatlas.epa.gov/arcgis/rest/services/Rasters/Forest_connectivity_CONUS_2024/ImageServer
592,https://enviroatlas.epa.gov/arcgis/rest/services/Rasters/Natural_land_cover_connectivity_water_as_foreground_CONUS_2024/ImageServer
594,https://enviroatlas.epa.gov/arcgis/rest/services/Rasters/Natural_land_cover_connectivity_water_as_background_CONUS_2024/ImageServer
591,https://enviroatlas.epa.gov/arcgis/rest/services/Rasters/Forest_connectivity_AK_2016/ImageServer
593,https://enviroatlas.epa.gov/arcgis/rest/services/Rasters/Natural_land_cover_connectivity_water_as_foreground_AK_2016/ImageServer
595,https://enviroatlas.epa.gov/arcgis/rest/services/Rasters/Natural_land_cover_connectivity_water_as_background_AK_2016/ImageServer
596,https://www.mrlc.gov/data
597,https://www.mrlc.gov/data
598,https://www.mrlc.gov/data
599,https://www.mrlc.gov/data
