layerID,dfsLink
550,mapapp/Sedimentdeliveryratio.pdf
551,mapapp/Sedimentdeliveryratio.pdf
573,mapapp/PRISM_precipitation.pdf
574,mapapp/PRISM_temperature.pdf
575,mapapp/PRISM_temperature.pdf
576,mapapp/PRISM_precipitation.pdf
577,mapapp/PRISM_temperature.pdf
578,mapapp/PRISM_temperature.pdf
579,mapapp/PRISM_precipitation.pdf
580,mapapp/PRISM_temperature.pdf
581,mapapp/PRISM_temperature.pdf
582,mapapp/PRISM_precipitation.pdf
583,mapapp/PRISM_temperature.pdf
584,mapapp/PRISM_temperature.pdf
585,mapapp/PRISM_precipitation.pdf
586,mapapp/PRISM_temperature.pdf
587,mapapp/PRISM_temperature.pdf
588,mapapp/LandCoverCONUS_2026.pdf
589,mapapp/MissingFactSheet.pdf
590,mapapp/MissingFactSheet.pdf
591,mapapp/MissingFactSheet.pdf
592,mapapp/MissingFactSheet.pdf
593,mapapp/MissingFactSheet.pdf
594,mapapp/MSPAconnectivitywaterasbackground30meteredgewidth.pdf
595,mapapp/MissingFactSheet.pdf
596,mapapp/LandCoverCONUS_2026.pdf
597,mapapp/LandCoverCONUS_2026.pdf
598,mapapp/LandCoverCONUS_2026.pdf
599,mapapp/LandCoverCONUS_2026.pdf
